A 2,BLOCK A
A 2,BLOCK A
A 2,BLOCK A
A 3,BLOCK A
A 3,BLOCK A
A 3,BLOCK A
A 4,BLOCK A
A 4,BLOCK A
A 4,BLOCK A
A 5,BLOCK A
A 5,BLOCK A
A 5,BLOCK A
A 6,BLOCK A
A 6,BLOCK A
A 6,BLOCK A
A 7,BLOCK A
A 7,BLOCK A
A 7,BLOCK A
A 8,BLOCK A
A 8,BLOCK A
A 8,BLOCK A
A 9,BLOCK A
A 9,BLOCK A
A 9,BLOCK A
A 10,BLOCK A
A 10,BLOCK A
A 10,BLOCK A
A 11,BLOCK A
A 11,BLOCK A
A 11,BLOCK A
A 12,BLOCK A
A 12,BLOCK A
A 12,BLOCK A
A 13,BLOCK A
A 13,BLOCK A
A 13,BLOCK A
A 14,BLOCK A
A 14,BLOCK A
A 14,BLOCK A
A 15,BLOCK A
A 15,BLOCK A
A 15,BLOCK A
A 16,BLOCK A
A 16,BLOCK A
A 16,BLOCK A
A 17,BLOCK A
A 17,BLOCK A
A 17,BLOCK A
A 18,BLOCK A
A 18,BLOCK A
A 18,BLOCK A
A 19,BLOCK A
A 19,BLOCK A
A 19,BLOCK A
A 19 POINT 1 PRIME,BLOCK A
A 19 POINT 1 PRIME,BLOCK A
A 19 POINT 1 PRIME,BLOCK A
A 20,BLOCK A
A 20,BLOCK A
A 20,BLOCK A
A 21,BLOCK A
A 21,BLOCK A
A 21,BLOCK A
A 22,BLOCK A
A 22,BLOCK A
A 22,BLOCK A
A 23,BLOCK A
A 23,BLOCK A
A 23,BLOCK A
A 24,BLOCK A
A 24,BLOCK A
A 24,BLOCK A
A 25,BLOCK A
A 25,BLOCK A
A 25,BLOCK A
A 26,BLOCK A
A 26,BLOCK A
A 26,BLOCK A
A 27,BLOCK A
A 27,BLOCK A
A 27,BLOCK A
A 28,BLOCK A
A 28,BLOCK A
A 28,BLOCK A
A 29,BLOCK A
A 29,BLOCK A
A 29,BLOCK A
A 29 POINT 1 PRIME,BLOCK A
A 29 POINT 1 PRIME,BLOCK A
A 29 POINT 1 PRIME,BLOCK A
A LINK 1,BLOCK A
A LINK 1,BLOCK A
A LINK 1,BLOCK A
A LINK 31,BLOCK A
A LINK 31,BLOCK A
A LINK 32,BLOCK A
A LINK 32,BLOCK A
A LINK 33,BLOCK A
A LINK 33,BLOCK A
A LINK 34,BLOCK A
A LINK 34,BLOCK A
A LINK 35,BLOCK A
A LINK 35,BLOCK A
A LINK 36,BLOCK A
A LINK 36,BLOCK A
A LINK 37,BLOCK A
A LINK 37,BLOCK A
A LINK 38,BLOCK A
A LINK 38,BLOCK A
A LINK 39,BLOCK A
A LINK 39,BLOCK A
A KITCHEN,BLOCK A
A KITCHEN,BLOCK A
A STORE,BLOCK A
A STORE,BLOCK A
A 29 POINT 1 ,BLOCK A
A 19 POINT 1,BLOCK A
AKGF,BLOCK A
AKGF,BLOCK A
AKGF,BLOCK A
AKMF,BLOCK A
AKMF,BLOCK A
AKMF,BLOCK A
AKLF,BLOCK A
AKLF,BLOCK A
AKLF,BLOCK A
B 1,BLOCK B
B 1,BLOCK B
B 1,BLOCK B
B 2,BLOCK B
B 2,BLOCK B
B 2,BLOCK B
B 3,BLOCK B
B 3,BLOCK B
B 3,BLOCK B
B 4,BLOCK B
B 4,BLOCK B
B 4,BLOCK B
B 5,BLOCK B
B 5,BLOCK B
B 5,BLOCK B
B 6,BLOCK B
B 6,BLOCK B
B 6,BLOCK B
B 7,BLOCK B
B 7,BLOCK B
B 7,BLOCK B
B 8,BLOCK B
B 8,BLOCK B
B 8,BLOCK B
B 9,BLOCK B
B 9,BLOCK B
B 9,BLOCK B
B 10,BLOCK B
B 10,BLOCK B
B 10,BLOCK B
B 11,BLOCK B
B 11,BLOCK B
B 11,BLOCK B
B 12,BLOCK B
B 12,BLOCK B
B 12,BLOCK B
B 12 POINT 1 PRIME,BLOCK B
B 12 POINT 1 PRIME,BLOCK B
B 12 POINT 1 PRIME,BLOCK B
B 13,BLOCK B
B 13,BLOCK B
B 13,BLOCK B
B 13 POINT 1 PRIME,BLOCK B
B 13 POINT 1 PRIME,BLOCK B
B 13 POINT 1 PRIME,BLOCK B
B 14,BLOCK B
B 14,BLOCK B
B 14,BLOCK B
B 15,BLOCK B
B 15,BLOCK B
B 15,BLOCK B
B 16,BLOCK B
B 16,BLOCK B
B 16,BLOCK B
B 17,BLOCK B
B 17,BLOCK B
B 17,BLOCK B
B 18,BLOCK B
B 18,BLOCK B
B 18,BLOCK B
B 19,BLOCK B
B 19,BLOCK B
B 19,BLOCK B
B 20,BLOCK B
B 20,BLOCK B
B 20,BLOCK B
B 21,BLOCK B
B 21,BLOCK B
B 21,BLOCK B
B 22,BLOCK B
B 22,BLOCK B
B 22,BLOCK B
B 23,BLOCK B
B 23,BLOCK B
B 23,BLOCK B
B 24,BLOCK B
B 24,BLOCK B
B 24,BLOCK B
B 25,BLOCK B
B 25,BLOCK B
B 25,BLOCK B
B 25 POINT 1 PRIME,BLOCK B
B 25 POINT 1 PRIME,BLOCK B
B 25 POINT 1 PRIME,BLOCK B
B 26,BLOCK B
B 26,BLOCK B
B 26,BLOCK B
B 28,BLOCK B
B 28,BLOCK B
B 28,BLOCK B
B 29,BLOCK B
B 29,BLOCK B
B 29,BLOCK B
B 30,BLOCK B
B 30,BLOCK B
B 30,BLOCK B
B 31,BLOCK B
B 31,BLOCK B
B 31,BLOCK B
B 32,BLOCK B
B 32,BLOCK B
B 32,BLOCK B
B 33,BLOCK B
B 33,BLOCK B
B 33,BLOCK B
B 34,BLOCK B
B 34,BLOCK B
B 34,BLOCK B
B 35,BLOCK B
B 35,BLOCK B
B 35,BLOCK B
B 36,BLOCK B
B 36,BLOCK B
B 36,BLOCK B
BB 1,BLOCK B
BB 1,BLOCK B
BB 2,BLOCK B
BB 2,BLOCK B
BB 3,BLOCK B
BB 3,BLOCK B
BB 4,BLOCK B
BB 4,BLOCK B
BB 5,BLOCK B
BB 5,BLOCK B
BB 6,BLOCK B
BB 6,BLOCK B
BKGF,BLOCK B
BKGF,BLOCK B
BKGF,BLOCK B
BKMF,BLOCK B
BKMF,BLOCK B
BKMF,BLOCK B
BKLF,BLOCK B
BKLF,BLOCK B
BKLF,BLOCK B
B 29 POINT,BLOCK B
B 39 POINT,BLOCK B
C 1,BLOCK C
C 1,BLOCK C
C 1,BLOCK C
C 2,BLOCK C
C 2,BLOCK C
C 2,BLOCK C
C 3,BLOCK C
C 3,BLOCK C
C 3,BLOCK C
C 4,BLOCK C
C 4,BLOCK C
C 4,BLOCK C
C 5,BLOCK C
C 5,BLOCK C
C 5,BLOCK C
C 6,BLOCK C
C 6,BLOCK C
C 6,BLOCK C
C 7,BLOCK C
C 7,BLOCK C
C 7,BLOCK C
C 8,BLOCK C
C 8,BLOCK C
C 8,BLOCK C
C 9,BLOCK C
C 9,BLOCK C
C 9,BLOCK C
C 10,BLOCK C
C 10,BLOCK C
C 10,BLOCK C
C 11,BLOCK C
C 11,BLOCK C
C 11,BLOCK C
C 12,BLOCK C
C 12,BLOCK C
C 12,BLOCK C
C 12 POINT 1 PRIME,BLOCK C
C 12 POINT 1 PRIME,BLOCK C
C 12 POINT 1 PRIME,BLOCK C
C 13,BLOCK C
C 13,BLOCK C
C 13,BLOCK C
C 13 POINT 1 PRIME,BLOCK C
C 13 POINT 1 PRIME,BLOCK C
C 13 POINT 1 PRIME,BLOCK C
C 14,BLOCK C
C 14,BLOCK C
C 14,BLOCK C
C 15,BLOCK C
C 15,BLOCK C
C 15,BLOCK C
C 16,BLOCK C
C 16,BLOCK C
C 16,BLOCK C
C 17,BLOCK C
C 17,BLOCK C
C 17,BLOCK C
C 18,BLOCK C
C 18,BLOCK C
C 18,BLOCK C
C 19,BLOCK C
C 19,BLOCK C
C 19,BLOCK C
C 20,BLOCK C
C 20,BLOCK C
C 20,BLOCK C
C 21,BLOCK C
C 21,BLOCK C
C 21,BLOCK C
C 22,BLOCK C
C 22,BLOCK C
C 22,BLOCK C
C 23,BLOCK C
C 23,BLOCK C
C 23,BLOCK C
C 24,BLOCK C
C 24,BLOCK C
C 24,BLOCK C
C 25,BLOCK C
C 25,BLOCK C
C 25,BLOCK C
C 25 POINT 1 PRIME,BLOCK C
C 25 POINT 1 PRIME,BLOCK C
C 25 POINT 1 PRIME,BLOCK C
C 26,BLOCK C
C 26,BLOCK C
C 26,BLOCK C
C 28,BLOCK C
C 28,BLOCK C
C 28,BLOCK C
C 29,BLOCK C
C 29,BLOCK C
C 29,BLOCK C
C 30,BLOCK C
C 30,BLOCK C
C 30,BLOCK C
C 31,BLOCK C
C 31,BLOCK C
C 31,BLOCK C
C 32,BLOCK C
C 32,BLOCK C
C 32,BLOCK C
C 33,BLOCK C
C 33,BLOCK C
C 33,BLOCK C
C 34,BLOCK C
C 34,BLOCK C
C 34,BLOCK C
C 35,BLOCK C
C 35,BLOCK C
C 35,BLOCK C
C 36 A,BLOCK C
C 36 A,BLOCK C
C 36 A,BLOCK C
CB 1,BLOCK C
CB 1,BLOCK C
CB 2,BLOCK C
CB 2,BLOCK C
CB 3,BLOCK C
CB 3,BLOCK C
CB 4,BLOCK C
CB 4,BLOCK C
CB 5,BLOCK C
CB 5,BLOCK C
CB 6,BLOCK C
CB 6,BLOCK C
CKGF,BLOCK C
CKGF,BLOCK C
CKGF,BLOCK C
CKMF,BLOCK C
CKMF,BLOCK C
CKMF,BLOCK C
CKLF,BLOCK C
CKLF,BLOCK C
CKLF,BLOCK C
C LINK 1,BLOCK C
C LINK 1,BLOCK C
C LINK 1,BLOCK C
C LINK 36 POINT 1 PRIME,BLOCK C
C LINK 36 POINT 1 PRIME,BLOCK C
C LINK 36 B,BLOCK C
C LINK 36 B,BLOCK C
C LINK 37,BLOCK C
C LINK 37,BLOCK C
C LINK 38,BLOCK C
C LINK 38,BLOCK C
C LINK 39,BLOCK C
C LINK 39,BLOCK C
C LINK 40,BLOCK C
C LINK 40,BLOCK C
C LINK 41,BLOCK C
C LINK 41,BLOCK C
C LINK 42,BLOCK C
C LINK 42,BLOCK C
C LINK 43,BLOCK C
C LINK 43,BLOCK C
C LINK 44,BLOCK C
C LINK 44,BLOCK C
C 29 POINT,BLOCK C
D 1,BLOCK D
D 1,BLOCK D
D 1,BLOCK D
D 2,BLOCK D
D 2,BLOCK D
D 2,BLOCK D
D 3,BLOCK D
D 3,BLOCK D
D 3,BLOCK D
D 4,BLOCK D
D 4,BLOCK D
D 4,BLOCK D
D 5,BLOCK D
D 5,BLOCK D
D 5,BLOCK D
D 6,BLOCK D
D 6,BLOCK D
D 6,BLOCK D
D 7,BLOCK D
D 7,BLOCK D
D 7,BLOCK D
D 8,BLOCK D
D 8,BLOCK D
D 8,BLOCK D
D 9,BLOCK D
D 9,BLOCK D
D 9,BLOCK D
D 10,BLOCK D
D 10,BLOCK D
D 10,BLOCK D
D 11,BLOCK D
D 11,BLOCK D
D 11,BLOCK D
D 12,BLOCK D
D 12,BLOCK D
D 12,BLOCK D
D 13,BLOCK D
D 13,BLOCK D
D 13,BLOCK D
D 14,BLOCK D
D 14,BLOCK D
D 14,BLOCK D
D 15,BLOCK D
D 15,BLOCK D
D 15,BLOCK D
D 16,BLOCK D
D 16,BLOCK D
D 16,BLOCK D
D 17,BLOCK D
D 17,BLOCK D
D 17,BLOCK D
D 18,BLOCK D
D 18,BLOCK D
D 18,BLOCK D
D 19,BLOCK D
D 19,BLOCK D
D 19,BLOCK D
D 20,BLOCK D
D 20,BLOCK D
D 20,BLOCK D
D 21,BLOCK D
D 21,BLOCK D
D 21,BLOCK D
D 22,BLOCK D
D 22,BLOCK D
D 22,BLOCK D
D 23,BLOCK D
D 23,BLOCK D
D 23,BLOCK D
D 25,BLOCK D
D 25,BLOCK D
D 25,BLOCK D
D 26,BLOCK D
D 26,BLOCK D
D 26,BLOCK D
D 26 POINT 1 PRIME,BLOCK D
D 26 POINT 1 PRIME,BLOCK D
D 26 POINT 1 PRIME,BLOCK D
D 27,BLOCK D
D 27,BLOCK D
D 27,BLOCK D
D 28,BLOCK D
D 28,BLOCK D
D 28,BLOCK D
D 29,BLOCK D
D 29,BLOCK D
D 29,BLOCK D
D 30,BLOCK D
D 30,BLOCK D
D 30,BLOCK D
D 31,BLOCK D
D 31,BLOCK D
D 31,BLOCK D
D 32,BLOCK D
D 32,BLOCK D
D 32,BLOCK D
D 33,BLOCK D
D 33,BLOCK D
D 33,BLOCK D
D 34,BLOCK D
D 34,BLOCK D
D 34,BLOCK D
D 35,BLOCK D
D 35,BLOCK D
D 35,BLOCK D
D 36,BLOCK D
D 36,BLOCK D
D 36,BLOCK D
D 37,BLOCK D
D 37,BLOCK D
D 37,BLOCK D
D 38,BLOCK D
D 38,BLOCK D
D 38,BLOCK D
DB 1,BLOCK D
DB 1,BLOCK D
DB 2,BLOCK D
DB 2,BLOCK D
DB 3,BLOCK D
DB 3,BLOCK D
DB 4,BLOCK D
DB 4,BLOCK D
DB 5,BLOCK D
DB 5,BLOCK D
DB 6,BLOCK D
DB 6,BLOCK D
DKLF,BLOCK D
DKLF,BLOCK D
DKLF,BLOCK D
D POINT 29,BLOCK D
D POINT 39,BLOCK D
E 1,BLOCK E
E 1,BLOCK E
E 1,BLOCK E
E 2,BLOCK E
E 2,BLOCK E
E 2,BLOCK E
E 3,BLOCK E
E 3,BLOCK E
E 3,BLOCK E
E 4,BLOCK E
E 4,BLOCK E
E 4,BLOCK E
E 5,BLOCK E
E 5,BLOCK E
E 5,BLOCK E
E 6,BLOCK E
E 6,BLOCK E
E 6,BLOCK E
E 7,BLOCK E
E 7,BLOCK E
E 7,BLOCK E
E 8,BLOCK E
E 8,BLOCK E
E 8,BLOCK E
E 9,BLOCK E
E 9,BLOCK E
E 9,BLOCK E
E 10,BLOCK E
E 10,BLOCK E
E 10,BLOCK E
E 11,BLOCK E
E 11,BLOCK E
E 11,BLOCK E
E 12,BLOCK E
E 12,BLOCK E
E 12,BLOCK E
E 12 POINT 1 PRIME,BLOCK E
E 12 POINT 1 PRIME,BLOCK E
E 12 POINT 1 PRIME,BLOCK E
E 13,BLOCK E
E 13,BLOCK E
E 13,BLOCK E
E 13 POINT 1 PRIME,BLOCK E
E 13 POINT 1 PRIME,BLOCK E
E 13 POINT 1 PRIME,BLOCK E
E 14,BLOCK E
E 14,BLOCK E
E 14,BLOCK E
E 15,BLOCK E
E 15,BLOCK E
E 15,BLOCK E
E 16,BLOCK E
E 16,BLOCK E
E 16,BLOCK E
E 17,BLOCK E
E 17,BLOCK E
E 17,BLOCK E
E 18,BLOCK E
E 18,BLOCK E
E 18,BLOCK E
E 19,BLOCK E
E 19,BLOCK E
E 19,BLOCK E
E 20,BLOCK E
E 20,BLOCK E
E 20,BLOCK E
E 21,BLOCK E
E 21,BLOCK E
E 21,BLOCK E
E 22,BLOCK E
E 22,BLOCK E
E 22,BLOCK E
E 23,BLOCK E
E 23,BLOCK E
E 23,BLOCK E
E 24,BLOCK E
E 24,BLOCK E
E 24,BLOCK E
E 25,BLOCK E
E 25,BLOCK E
E 25,BLOCK E
E 25 POINT 1 PRIME,BLOCK E
E 25 POINT 1 PRIME,BLOCK E
E 25 POINT 1 PRIME,BLOCK E
E 26,BLOCK E
E 26,BLOCK E
E 26,BLOCK E
E 27,BLOCK E
E 27,BLOCK E
E 27,BLOCK E
E 28,BLOCK E
E 28,BLOCK E
E 28,BLOCK E
E 29,BLOCK E
E 29,BLOCK E
E 29,BLOCK E
E 30,BLOCK E
E 30,BLOCK E
E 30,BLOCK E
E 31,BLOCK E
E 31,BLOCK E
E 31,BLOCK E
E 32,BLOCK E
E 32,BLOCK E
E 32,BLOCK E
E 33,BLOCK E
E 33,BLOCK E
E 33,BLOCK E
E 34,BLOCK E
E 34,BLOCK E
E 34,BLOCK E
E 35,BLOCK E
E 35,BLOCK E
E 35,BLOCK E
E 36 A,BLOCK E
E 36 A,BLOCK E
E 36 A,BLOCK E
EB 1,BLOCK E
EB 1,BLOCK E
EB 2,BLOCK E
EB 2,BLOCK E
EB 3,BLOCK E
EB 3,BLOCK E
EB 4,BLOCK E
EB 4,BLOCK E
EB 5,BLOCK E
EB 5,BLOCK E
EB 6,BLOCK E
EB 6,BLOCK E
EKGF,BLOCK E
EKGF,BLOCK E
EKGF,BLOCK E
EKMF,BLOCK E
EKMF,BLOCK E
EKMF,BLOCK E
EKLF,BLOCK E
EKLF,BLOCK E
EKLF,BLOCK E
E 29 POINT ,BLOCK E
E 39 POINT,BLOCK E
F 1,BLOCK F
F 1,BLOCK F
F 2,BLOCK F
F 2,BLOCK F
F 3,BLOCK F
F 3,BLOCK F
F 4,BLOCK F
F 4,BLOCK F
F 5,BLOCK F
F 5,BLOCK F
F 6,BLOCK F
F 6,BLOCK F
F 7,BLOCK F
F 7,BLOCK F
F 8,BLOCK F
F 8,BLOCK F
F 9,BLOCK F
F 9,BLOCK F
F 10,BLOCK F
F 10,BLOCK F
F 11,BLOCK F
F 11,BLOCK F
F 11 POINT 1 PRIME,BLOCK F
F 11 POINT 1 PRIME,BLOCK F
F 12,BLOCK F
F 12,BLOCK F
F 12 POINT 1 PRIME,BLOCK F
F 12 POINT 1 PRIME,BLOCK F
F 13,BLOCK F
F 13,BLOCK F
F 14,BLOCK F
F 14,BLOCK F
F 15,BLOCK F
F 15,BLOCK F
F 16,BLOCK F
F 16,BLOCK F
F 17,BLOCK F
F 17,BLOCK F
F 18,BLOCK F
F 18,BLOCK F
F 19,BLOCK F
F 19,BLOCK F
F 20,BLOCK F
F 20,BLOCK F
F 21,BLOCK F
F 21,BLOCK F
F 23,BLOCK F
F 23,BLOCK F
F 23 POINT 1 PRIME,BLOCK F
F 23 POINT 1 PRIME,BLOCK F
F 24,BLOCK F
F 24,BLOCK F
F 25,BLOCK F
F 25,BLOCK F
F 26,BLOCK F
F 26,BLOCK F
F 27,BLOCK F
F 27,BLOCK F
F 28,BLOCK F
F 28,BLOCK F
F 29,BLOCK F
F 29,BLOCK F
F 30,BLOCK F
F 30,BLOCK F
F 31,BLOCK F
F 31,BLOCK F
F 32,BLOCK F
F 32,BLOCK F
F 33,BLOCK F
F 33,BLOCK F
F 34,BLOCK F
F 34,BLOCK F
FKMF,BLOCK F
FKMF,BLOCK F
FKLF,BLOCK F
FKLF,BLOCK F
G 1,BLOCK G
G 1,BLOCK G
G 1,BLOCK G
G 2,BLOCK G
G 2,BLOCK G
G 2,BLOCK G
G 3,BLOCK G
G 3,BLOCK G
G 3,BLOCK G
G 4,BLOCK G
G 4,BLOCK G
G 4,BLOCK G
G 5,BLOCK G
G 5,BLOCK G
G 5,BLOCK G
G 6,BLOCK G
G 6,BLOCK G
G 6,BLOCK G
G 7,BLOCK G
G 7,BLOCK G
G 7,BLOCK G
G 8,BLOCK G
G 8,BLOCK G
G 8,BLOCK G
G 9,BLOCK G
G 9,BLOCK G
G 9,BLOCK G
G 10,BLOCK G
G 10,BLOCK G
G 10,BLOCK G
G 11,BLOCK G
G 11,BLOCK G
G 11,BLOCK G
G 12,BLOCK G
G 12,BLOCK G
G 12,BLOCK G
G 13,BLOCK G
G 13,BLOCK G
G 13,BLOCK G
G 14,BLOCK G
G 14,BLOCK G
G 14,BLOCK G
G 15,BLOCK G
G 15,BLOCK G
G 15,BLOCK G
G 16,BLOCK G
G 16,BLOCK G
G 16,BLOCK G
G 17,BLOCK G
G 17,BLOCK G
G 17,BLOCK G
G 18,BLOCK G
G 18,BLOCK G
G 18,BLOCK G
G 19,BLOCK G
G 19,BLOCK G
G 19,BLOCK G
G 20,BLOCK G
G 20,BLOCK G
G 20,BLOCK G
G 21,BLOCK G
G 21,BLOCK G
G 21,BLOCK G
G 22,BLOCK G
G 22,BLOCK G
G 22,BLOCK G
G 23,BLOCK G
G 23,BLOCK G
G 23,BLOCK G
G 24,BLOCK G
G 24,BLOCK G
G 24,BLOCK G
G 25,BLOCK G
G 25,BLOCK G
G 25,BLOCK G
G 26,BLOCK G
G 26,BLOCK G
G 26,BLOCK G
G 27,BLOCK G
G 27,BLOCK G
G 27,BLOCK G
G 28,BLOCK G
G 28,BLOCK G
G 28,BLOCK G
G 29,BLOCK G
G 29,BLOCK G
G 29,BLOCK G
G 30,BLOCK G
G 30,BLOCK G
G 30,BLOCK G
G 31,BLOCK G
G 31,BLOCK G
G 31,BLOCK G
G 32,BLOCK G
G 32,BLOCK G
G 32,BLOCK G
GKGF,BLOCK G
GKGF,BLOCK G
GKGF,BLOCK G
GKMF,BLOCK G
GKMF,BLOCK G
GKMF,BLOCK G
GKLF,BLOCK G
GKLF,BLOCK G
GKLF,BLOCK G
G LINK 33,BLOCK G
G LINK 33,BLOCK G
G LINK 33,BLOCK G
G LINK 33,BLOCK G
G LINK 33,BLOCK G
G LINK 33,BLOCK G
G LINK 34,BLOCK G
G LINK 34,BLOCK G
G LINK 34,BLOCK G
G LINK 34,BLOCK G
G LINK 34,BLOCK G
G LINK 34,BLOCK G
G LINK 35,BLOCK G
G LINK 35,BLOCK G
G LINK 35,BLOCK G
G LINK 35,BLOCK G
G LINK 35,BLOCK G
G LINK 35,BLOCK G
G LINK 36,BLOCK G
G LINK 36,BLOCK G
G LINK 36,BLOCK G
G LINK 36,BLOCK G
G LINK 36,BLOCK G
G LINK 36,BLOCK G
G LINK 37,BLOCK G
G LINK 37,BLOCK G
G LINK 37,BLOCK G
G LINK 37,BLOCK G
G LINK 37,BLOCK G
G LINK 37,BLOCK G
G LINK 38,BLOCK G
G LINK 38,BLOCK G
G LINK 38,BLOCK G
G LINK 38,BLOCK G
G LINK 38,BLOCK G
G LINK 38,BLOCK G
G LINK 39,BLOCK G
G LINK 39,BLOCK G
G LINK 39,BLOCK G
G LINK 39,BLOCK G
G LINK 39,BLOCK G
G LINK 39,BLOCK G
G LINK 39,BLOCK G
G LINK 39,BLOCK G
G LINK 40,BLOCK G
G LINK 40,BLOCK G
G LINK 41 A,BLOCK G
G LINK 41 A,BLOCK G
G LINK 41 B,BLOCK G
G LINK 41 B,BLOCK G
G 39 POINT,BLOCK G
G 40 POINT,BLOCK G
