82,A 28,BLOCK A
83,A 28,BLOCK A
84,A 28,BLOCK A
85,A 29,BLOCK A
86,A 29,BLOCK A
87,A 29,BLOCK A
89,A 29 POINT 1 PRIME,BLOCK A
90,A 29 POINT 1 PRIME,BLOCK A
91,A LINK 1,BLOCK A
92,A LINK 1,BLOCK A
93,A LINK 1,BLOCK A
94,A LINK 31,BLOCK A
95,A LINK 31,BLOCK A
99,A LINK 33,BLOCK A
100,A LINK 34,BLOCK A
101,A LINK 34,BLOCK A
102,A LINK 35,BLOCK A
103,A LINK 35,BLOCK A
104,A LINK 36,BLOCK A
105,A LINK 36,BLOCK A
109,A LINK 38,BLOCK A
110,A LINK 39,BLOCK A
111,A LINK 39,BLOCK A
112,A KITCHEN,BLOCK A
113,A KITCHEN,BLOCK A
114,A STORE,BLOCK A
115,A STORE,BLOCK A
116,A 29 POINT 1,BLOCK A
117,A 19 POINT 1,BLOCK A
119,AKGF,BLOCK A
120,AKGF,BLOCK A
121,AKMF,BLOCK A
122,AKMF,BLOCK A
123,AKMF,BLOCK A
124,AKLF,BLOCK A
125,AKLF,BLOCK A
126,AKLF,BLOCK A
127,B 1,BLOCK B
128,B 1,BLOCK B
129,B 1,BLOCK B
130,B 2,BLOCK B
131,B 2,BLOCK B
132,B 2,BLOCK B
133,B 3,BLOCK B
134,B 3,BLOCK B
135,B 3,BLOCK B
136,B 4,BLOCK B
137,B 4,BLOCK B
138,B 4,BLOCK B
139,B 5,BLOCK B
140,B 5,BLOCK B
141,B 5,BLOCK B
142,B 6,BLOCK B
143,B 6,BLOCK B
144,B 6,BLOCK B
145,B 7,BLOCK B
146,B 7,BLOCK B
147,B 7,BLOCK B
148,B 8,BLOCK B
149,B 8,BLOCK B
150,B 8,BLOCK B
151,B 9,BLOCK B
152,B 9,BLOCK B
153,B 9,BLOCK B
154,B 10,BLOCK B
155,B 10,BLOCK B
156,B 10,BLOCK B
157,B 11,BLOCK B
158,B 11,BLOCK B
159,B 11,BLOCK B
160,B 12,BLOCK B
161,B 12,BLOCK B
162,B 12,BLOCK B
163,B 12 POINT 1 PRIME,BLOCK B
164,B 12 POINT 1 PRIME,BLOCK B
165,B 12 POINT 1 PRIME,BLOCK B
166,B 13,BLOCK B
167,B 13,BLOCK B
168,B 13,BLOCK B
170,B 13 POINT 1 PRIME,BLOCK B
171,B 13 POINT 1 PRIME,BLOCK B
172,B 14,BLOCK B
173,B 14,BLOCK B
174,B 14,BLOCK B
223,B 31,BLOCK B
224,B 31,BLOCK B
225,B 31,BLOCK B
226,B 32,BLOCK B
227,B 32,BLOCK B
228,B 32,BLOCK B
229,B 33,BLOCK B
230,B 33,BLOCK B
231,B 33,BLOCK B
232,B 34,BLOCK B
233,B 34,BLOCK B
234,B 34,BLOCK B
235,B 35,BLOCK B
236,B 35,BLOCK B
237,B 35,BLOCK B
238,B 36,BLOCK B
239,B 36,BLOCK B
240,B 36,BLOCK B
241,BB 1,BLOCK B
242,BB 1,BLOCK B
243,BB 2,BLOCK B
244,BB 2,BLOCK B
245,BB 3,BLOCK B
246,BB 3,BLOCK B
247,BB 4,BLOCK B
248,BB 4,BLOCK B
249,BB 5,BLOCK B
250,BB 5,BLOCK B
251,BB 6,BLOCK B
252,BB 6,BLOCK B
253,BKGF,BLOCK B
254,BKGF,BLOCK B
255,BKGF,BLOCK B
257,BKMF,BLOCK B
258,BKMF,BLOCK B
259,BKLF,BLOCK B
260,BKLF,BLOCK B
261,BKLF,BLOCK B
262,B 29 POINT,BLOCK B
264,C 1,BLOCK C
265,C 1,BLOCK C
266,C 1,BLOCK C
267,C 2,BLOCK C
268,C 2,BLOCK C
269,C 2,BLOCK C
270,C 3,BLOCK C
271,C 3,BLOCK C
272,C 3,BLOCK C
273,C 4,BLOCK C
274,C 4,BLOCK C
275,C 4,BLOCK C
276,C 5,BLOCK C
277,C 5,BLOCK C
278,C 5,BLOCK C
279,C 6,BLOCK C
280,C 6,BLOCK C
281,C 6,BLOCK C
282,C 7,BLOCK C
283,C 7,BLOCK C
284,C 7,BLOCK C
285,C 8,BLOCK C
286,C 8,BLOCK C
287,C 8,BLOCK C
288,C 9,BLOCK C
289,C 9,BLOCK C
290,C 9,BLOCK C
291,C 10,BLOCK C
292,C 10,BLOCK C
293,C 10,BLOCK C
294,C 11,BLOCK C
295,C 11,BLOCK C
296,C 11,BLOCK C
297,C 12,BLOCK C
298,C 12,BLOCK C
299,C 12,BLOCK C
300,C 12 POINT 1 PRIME,BLOCK C
301,C 12 POINT 1 PRIME,BLOCK C
302,C 12 POINT 1 PRIME,BLOCK C
303,C 13,BLOCK C
304,C 13,BLOCK C
305,C 13,BLOCK C
306,C 13 POINT 1 PRIME,BLOCK C
307,C 13 POINT 1 PRIME,BLOCK C
308,C 13 POINT 1 PRIME,BLOCK C
309,C 14,BLOCK C
310,C 14,BLOCK C
311,C 14,BLOCK C
312,C 15,BLOCK C
313,C 15,BLOCK C
314,C 15,BLOCK C
315,C 16,BLOCK C
316,C 16,BLOCK C
317,C 16,BLOCK C
318,C 17,BLOCK C
319,C 17,BLOCK C
320,C 17,BLOCK C
321,C 18,BLOCK C
322,C 18,BLOCK C
323,C 18,BLOCK C
324,C 19,BLOCK C
325,C 19,BLOCK C
326,C 19,BLOCK C
327,C 20,BLOCK C
328,C 20,BLOCK C
329,C 20,BLOCK C
330,C 21,BLOCK C
331,C 21,BLOCK C
332,C 21,BLOCK C
333,C 22,BLOCK C
334,C 22,BLOCK C
335,C 22,BLOCK C
336,C 23,BLOCK C
337,C 23,BLOCK C
338,C 23,BLOCK C
339,C 24,BLOCK C
340,C 24,BLOCK C
341,C 24,BLOCK C
342,C 25,BLOCK C
343,C 25,BLOCK C
344,C 25,BLOCK C
345,C 25 POINT 1 PRIME,BLOCK C
346,C 25 POINT 1 PRIME,BLOCK C
347,C 25 POINT 1 PRIME,BLOCK C
348,C 26,BLOCK C
349,C 26,BLOCK C
350,C 26,BLOCK C
351,C 28,BLOCK C
352,C 28,BLOCK C
353,C 28,BLOCK C
354,C 29,BLOCK C
355,C 29,BLOCK C
356,C 29,BLOCK C
357,C 30,BLOCK C
358,C 30,BLOCK C
359,C 30,BLOCK C
360,C 31,BLOCK C
361,C 31,BLOCK C
362,C 31,BLOCK C
363,C 32,BLOCK C
364,C 32,BLOCK C
365,C 32,BLOCK C
366,C 33,BLOCK C
367,C 33,BLOCK C
368,C 33,BLOCK C
369,C 34,BLOCK C
370,C 34,BLOCK C
371,C 34,BLOCK C
372,C 35,BLOCK C
373,C 35,BLOCK C
374,C 35,BLOCK C
375,C 36 A,BLOCK C
376,C 36 A,BLOCK C
377,C 36 A,BLOCK C
378,CB 1,BLOCK C
379,CB 1,BLOCK C
381,CB 2,BLOCK C
382,CB 3,BLOCK C
383,CB 3,BLOCK C
384,CB 4,BLOCK C
385,CB 4,BLOCK C
386,CB 5,BLOCK C
387,CB 5,BLOCK C
388,CB 6,BLOCK C
389,CB 6,BLOCK C
390,CKGF,BLOCK C
391,CKGF,BLOCK C
392,CKGF,BLOCK C
393,CKMF,BLOCK C
394,CKMF,BLOCK C
395,CKMF,BLOCK C
396,CKLF,BLOCK C
397,CKLF,BLOCK C
398,CKLF,BLOCK C
399,C LINK 1,BLOCK C
400,C LINK 1,BLOCK C
401,C LINK 1,BLOCK C
402,C LINK 36 POINT 1 PRIME,BLOCK C
403,C LINK 36 POINT 1 PRIME,BLOCK C
405,C LINK 36 B,BLOCK C
406,C LINK 37,BLOCK C
407,C LINK 37,BLOCK C
412,C LINK 40,BLOCK C
413,C LINK 40,BLOCK C
414,C LINK 41,BLOCK C
415,C LINK 41,BLOCK C
416,C LINK 42,BLOCK C
417,C LINK 42,BLOCK C
418,C LINK 43,BLOCK C
419,C LINK 43,BLOCK C
420,C LINK 44,BLOCK C
421,C LINK 44,BLOCK C
423,D 1,BLOCK D
424,D 1,BLOCK D
425,D 1,BLOCK D
426,D 2,BLOCK D
427,D 2,BLOCK D
428,D 2,BLOCK D
429,D 3,BLOCK D
430,D 3,BLOCK D
431,D 3,BLOCK D
432,D 4,BLOCK D
433,D 4,BLOCK D
434,D 4,BLOCK D
435,D 5,BLOCK D
436,D 5,BLOCK D
437,D 5,BLOCK D
438,D 6,BLOCK D
439,D 6,BLOCK D
440,D 6,BLOCK D
441,D 7,BLOCK D
442,D 7,BLOCK D
443,D 7,BLOCK D
444,D 8,BLOCK D
445,D 8,BLOCK D
446,D 8,BLOCK D
447,D 9,BLOCK D
448,D 9,BLOCK D
449,D 9,BLOCK D
450,D 10,BLOCK D
451,D 10,BLOCK D
452,D 10,BLOCK D
453,D 11,BLOCK D
454,D 11,BLOCK D
455,D 11,BLOCK D
456,D 12,BLOCK D
457,D 12,BLOCK D
458,D 12,BLOCK D
459,D 13,BLOCK D
460,D 13,BLOCK D
461,D 13,BLOCK D
462,D 14,BLOCK D
463,D 14,BLOCK D
464,D 14,BLOCK D
465,D 15,BLOCK D
466,D 15,BLOCK D
467,D 15,BLOCK D
468,D 16,BLOCK D
469,D 16,BLOCK D
470,D 16,BLOCK D
471,D 17,BLOCK D
472,D 17,BLOCK D
473,D 17,BLOCK D
474,D 18,BLOCK D
475,D 18,BLOCK D
476,D 18,BLOCK D
477,D 19,BLOCK D
478,D 19,BLOCK D
479,D 19,BLOCK D
480,D 20,BLOCK D
481,D 20,BLOCK D
482,D 20,BLOCK D
483,D 21,BLOCK D
484,D 21,BLOCK D
485,D 21,BLOCK D
486,D 22,BLOCK D
487,D 22,BLOCK D
488,D 22,BLOCK D
489,D 23,BLOCK D
490,D 23,BLOCK D
491,D 23,BLOCK D
492,D 25,BLOCK D
493,D 25,BLOCK D
494,D 25,BLOCK D
495,D 26,BLOCK D
496,D 26,BLOCK D
497,D 26,BLOCK D
498,D 26 POINT 1 PRIME,BLOCK D
499,D 26 POINT 1 PRIME,BLOCK D
500,D 26 POINT 1 PRIME,BLOCK D
501,D 27,BLOCK D
502,D 27,BLOCK D
503,D 27,BLOCK D
504,D 28,BLOCK D
505,D 28,BLOCK D
506,D 28,BLOCK D
507,D 29,BLOCK D
508,D 29,BLOCK D
509,D 29,BLOCK D
510,D 30,BLOCK D
511,D 30,BLOCK D
512,D 30,BLOCK D
513,D 31,BLOCK D
514,D 31,BLOCK D
515,D 31,BLOCK D
516,D 32,BLOCK D
517,D 32,BLOCK D
518,D 32,BLOCK D
519,D 33,BLOCK D
520,D 33,BLOCK D
521,D 33,BLOCK D
522,D 34,BLOCK D
523,D 34,BLOCK D
524,D 34,BLOCK D
525,D 35,BLOCK D
526,D 35,BLOCK D
527,D 35,BLOCK D
528,D 36,BLOCK D
529,D 36,BLOCK D
530,D 36,BLOCK D
531,D 37,BLOCK D
532,D 37,BLOCK D
533,D 37,BLOCK D
534,D 38,BLOCK D
535,D 38,BLOCK D
536,D 38,BLOCK D
537,DB 1,BLOCK D
538,DB 1,BLOCK D
539,DB 2,BLOCK D
540,DB 2,BLOCK D
541,DB 3,BLOCK D
542,DB 3,BLOCK D
543,DB 4,BLOCK D
544,DB 4,BLOCK D
545,DB 5,BLOCK D
546,DB 5,BLOCK D
547,DB 6,BLOCK D
548,DB 6,BLOCK D
549,DKLF,BLOCK D
550,DKLF,BLOCK D
551,DKLF,BLOCK D
552,D POINT 29,BLOCK D
554,E 1,BLOCK E
555,E 1,BLOCK E
556,E 1,BLOCK E
557,E 2,BLOCK E
558,E 2,BLOCK E
559,E 2,BLOCK E
560,E 3,BLOCK E
561,E 3,BLOCK E
562,E 3,BLOCK E
563,E 4,BLOCK E
564,E 4,BLOCK E
565,E 4,BLOCK E
566,E 5,BLOCK E
567,E 5,BLOCK E
568,E 5,BLOCK E
569,E 6,BLOCK E
570,E 6,BLOCK E
571,E 6,BLOCK E
572,E 7,BLOCK E
573,E 7,BLOCK E
574,E 7,BLOCK E
575,E 8,BLOCK E
576,E 8,BLOCK E
577,E 8,BLOCK E
578,E 9,BLOCK E
579,E 9,BLOCK E
580,E 9,BLOCK E
581,E 10,BLOCK E
582,E 10,BLOCK E
583,E 10,BLOCK E
584,E 11,BLOCK E
585,E 11,BLOCK E
586,E 11,BLOCK E
587,E 12,BLOCK E
588,E 12,BLOCK E
589,E 12,BLOCK E
590,E 12 POINT 1 PRIME,BLOCK E
591,E 12 POINT 1 PRIME,BLOCK E
592,E 12 POINT 1 PRIME,BLOCK E
593,E 13,BLOCK E
594,E 13,BLOCK E
595,E 13,BLOCK E
596,E 13 POINT 1 PRIME,BLOCK E
597,E 13 POINT 1 PRIME,BLOCK E
598,E 13 POINT 1 PRIME,BLOCK E
599,E 14,BLOCK E
600,E 14,BLOCK E
601,E 14,BLOCK E
602,E 15,BLOCK E
603,E 15,BLOCK E
604,E 15,BLOCK E
605,E 16,BLOCK E
606,E 16,BLOCK E
607,E 16,BLOCK E
608,E 17,BLOCK E
609,E 17,BLOCK E
610,E 17,BLOCK E
611,E 18,BLOCK E
612,E 18,BLOCK E
613,E 18,BLOCK E
614,E 19,BLOCK E
615,E 19,BLOCK E
616,E 19,BLOCK E
617,E 20,BLOCK E
618,E 20,BLOCK E
619,E 20,BLOCK E
620,E 21,BLOCK E
621,E 21,BLOCK E
622,E 21,BLOCK E
623,E 22,BLOCK E
624,E 22,BLOCK E
625,E 22,BLOCK E
626,E 23,BLOCK E
627,E 23,BLOCK E
628,E 23,BLOCK E
629,E 24,BLOCK E
630,E 24,BLOCK E
631,E 24,BLOCK E
632,E 25,BLOCK E
633,E 25,BLOCK E
634,E 25,BLOCK E
635,E 25 POINT 1 PRIME,BLOCK E
636,E 25 POINT 1 PRIME,BLOCK E
637,E 25 POINT 1 PRIME,BLOCK E
638,E 26,BLOCK E
639,E 26,BLOCK E
640,E 26,BLOCK E
641,E 27,BLOCK E
642,E 27,BLOCK E
643,E 27,BLOCK E
644,E 28,BLOCK E
645,E 28,BLOCK E
646,E 28,BLOCK E
647,E 29,BLOCK E
648,E 29,BLOCK E
649,E 29,BLOCK E
650,E 30,BLOCK E
651,E 30,BLOCK E
652,E 30,BLOCK E
653,E 31,BLOCK E
654,E 31,BLOCK E
655,E 31,BLOCK E
656,E 32,BLOCK E
657,E 32,BLOCK E
658,E 32,BLOCK E
659,E 33,BLOCK E
660,E 33,BLOCK E
661,E 33,BLOCK E
662,E 34,BLOCK E
663,E 34,BLOCK E
664,E 34,BLOCK E
665,E 35,BLOCK E
666,E 35,BLOCK E
667,E 35,BLOCK E
668,E 36 A,BLOCK E
669,E 36 A,BLOCK E
670,E 36 A,BLOCK E
671,EB 1,BLOCK E
672,EB 1,BLOCK E
673,EB 2,BLOCK E
674,EB 2,BLOCK E
675,EB 3,BLOCK E
676,EB 3,BLOCK E
677,EB 4,BLOCK E
678,EB 4,BLOCK E
679,EB 5,BLOCK E
680,EB 5,BLOCK E
681,EB 6,BLOCK E
682,EB 6,BLOCK E
683,EKGF,BLOCK E
684,EKGF,BLOCK E
685,EKGF,BLOCK E
686,EKMF,BLOCK E
687,EKMF,BLOCK E
688,EKMF,BLOCK E
689,EKLF,BLOCK E
690,EKLF,BLOCK E
691,EKLF,BLOCK E
694,F 1,BLOCK F
695,F 1,BLOCK F
696,F 2,BLOCK F
697,F 2,BLOCK F
698,F 3,BLOCK F
699,F 3,BLOCK F
700,F 4,BLOCK F
701,F 4,BLOCK F
702,F 5,BLOCK F
703,F 5,BLOCK F
704,F 6,BLOCK F
705,F 6,BLOCK F
706,F 7,BLOCK F
708,F 8,BLOCK F
709,F 8,BLOCK F
711,F 9,BLOCK F
712,F 10,BLOCK F
713,F 10,BLOCK F
714,F 11,BLOCK F
715,F 11,BLOCK F
717,F 11 POINT 1 PRIME,BLOCK F
718,F 12,BLOCK F
719,F 12,BLOCK F
720,F 12 POINT 1 PRIME,BLOCK F
721,F 12 POINT 1 PRIME,BLOCK F
724,F 14,BLOCK F
725,F 14,BLOCK F
726,F 15,BLOCK F
727,F 15,BLOCK F
728,F 16,BLOCK F
729,F 16,BLOCK F
730,F 17,BLOCK F
731,F 17,BLOCK F
732,F 18,BLOCK F
733,F 18,BLOCK F
734,F 19,BLOCK F
735,F 19,BLOCK F
736,F 20,BLOCK F
737,F 20,BLOCK F
738,F 21,BLOCK F
739,F 21,BLOCK F
740,F 23,BLOCK F
741,F 23,BLOCK F
742,F 23 POINT 1 PRIME,BLOCK F
743,F 23 POINT 1 PRIME,BLOCK F
744,F 24,BLOCK F
745,F 24,BLOCK F
746,F 25,BLOCK F
747,F 25,BLOCK F
748,F 26,BLOCK F
749,F 26,BLOCK F
750,F 27,BLOCK F
751,F 27,BLOCK F
752,F 28,BLOCK F
753,F 28,BLOCK F
754,F 29,BLOCK F
755,F 29,BLOCK F
756,F 30,BLOCK F
757,F 30,BLOCK F
758,F 31,BLOCK F
759,F 31,BLOCK F
760,F 32,BLOCK F
761,F 32,BLOCK F
762,F 33,BLOCK F
763,F 33,BLOCK F
764,F 34,BLOCK F
765,F 34,BLOCK F
766,FKMF,BLOCK F
767,FKMF,BLOCK F
768,FKLF,BLOCK F
769,FKLF,BLOCK F
770,G 1,BLOCK G
771,G 1,BLOCK G
772,G 1,BLOCK G
773,G 2,BLOCK G
774,G 2,BLOCK G
775,G 2,BLOCK G
776,G 3,BLOCK G
777,G 3,BLOCK G
778,G 3,BLOCK G
779,G 4,BLOCK G
780,G 4,BLOCK G
781,G 4,BLOCK G
782,G 5,BLOCK G
783,G 5,BLOCK G
784,G 5,BLOCK G
785,G 6,BLOCK G
786,G 6,BLOCK G
787,G 6,BLOCK G
788,G 7,BLOCK G
789,G 7,BLOCK G
790,G 7,BLOCK G
791,G 8,BLOCK G
792,G 8,BLOCK G
793,G 8,BLOCK G
794,G 9,BLOCK G
795,G 9,BLOCK G
796,G 9,BLOCK G
797,G 10,BLOCK G
798,G 10,BLOCK G
799,G 10,BLOCK G
800,G 11,BLOCK G
801,G 11,BLOCK G
802,G 11,BLOCK G
803,G 12,BLOCK G
804,G 12,BLOCK G
805,G 12,BLOCK G
806,G 13,BLOCK G
807,G 13,BLOCK G
808,G 13,BLOCK G
809,G 14,BLOCK G
810,G 14,BLOCK G
811,G 14,BLOCK G
812,G 15,BLOCK G
813,G 15,BLOCK G
814,G 15,BLOCK G
815,G 16,BLOCK G
816,G 16,BLOCK G
817,G 16,BLOCK G
818,G 17,BLOCK G
819,G 17,BLOCK G
820,G 17,BLOCK G
821,G 18,BLOCK G
822,G 18,BLOCK G
823,G 18,BLOCK G
824,G 19,BLOCK G
825,G 19,BLOCK G
826,G 19,BLOCK G
827,G 20,BLOCK G
828,G 20,BLOCK G
829,G 20,BLOCK G
830,G 21,BLOCK G
831,G 21,BLOCK G
832,G 21,BLOCK G
833,G 22,BLOCK G
834,G 22,BLOCK G
835,G 22,BLOCK G
836,G 23,BLOCK G
837,G 23,BLOCK G
838,G 23,BLOCK G
839,G 24,BLOCK G
840,G 24,BLOCK G
841,G 24,BLOCK G
842,G 25,BLOCK G
843,G 25,BLOCK G
844,G 25,BLOCK G
845,G 26,BLOCK G
846,G 26,BLOCK G
847,G 26,BLOCK G
848,G 27,BLOCK G
849,G 27,BLOCK G
850,G 27,BLOCK G
851,G 28,BLOCK G
852,G 28,BLOCK G
853,G 28,BLOCK G
854,G 29,BLOCK G
855,G 29,BLOCK G
856,G 29,BLOCK G
857,G 30,BLOCK G
858,G 30,BLOCK G
859,G 30,BLOCK G
860,G 31,BLOCK G
861,G 31,BLOCK G
862,G 31,BLOCK G
863,G 32,BLOCK G
864,G 32,BLOCK G
865,G 32,BLOCK G
866,GKGF,BLOCK G
867,GKGF,BLOCK G
868,GKGF,BLOCK G
869,GKMF,BLOCK G
870,GKMF,BLOCK G
871,GKMF,BLOCK G
872,GKLF,BLOCK G
873,GKLF,BLOCK G
874,GKLF,BLOCK G
875,G LINK 33,BLOCK G
876,G LINK 33,BLOCK G
877,G LINK 33,BLOCK G
878,G LINK 33,BLOCK G
879,G LINK 33,BLOCK G
880,G LINK 33,BLOCK G
881,G LINK 34,BLOCK G
882,G LINK 34,BLOCK G
883,G LINK 34,BLOCK G
884,G LINK 34,BLOCK G
885,G LINK 34,BLOCK G
886,G LINK 34,BLOCK G
887,G LINK 35,BLOCK G
888,G LINK 35,BLOCK G
889,G LINK 35,BLOCK G
890,G LINK 35,BLOCK G
891,G LINK 35,BLOCK G
892,G LINK 35,BLOCK G
893,G LINK 36,BLOCK G
894,G LINK 36,BLOCK G
895,G LINK 36,BLOCK G
896,G LINK 36,BLOCK G
897,G LINK 36,BLOCK G
898,G LINK 36,BLOCK G
899,G LINK 37,BLOCK G
900,G LINK 37,BLOCK G
901,G LINK 37,BLOCK G
902,G LINK 37,BLOCK G
903,G LINK 37,BLOCK G
904,G LINK 37,BLOCK G
905,G LINK 38,BLOCK G
906,G LINK 38,BLOCK G
907,G LINK 38,BLOCK G
908,G LINK 38,BLOCK G
909,G LINK 38,BLOCK G
910,G LINK 38,BLOCK G
911,G LINK 39,BLOCK G
912,G LINK 39,BLOCK G
913,G LINK 39,BLOCK G
914,G LINK 39,BLOCK G
915,G LINK 39,BLOCK G
916,G LINK 39,BLOCK G
917,G LINK 39,BLOCK G
918,G LINK 39,BLOCK G
919,G LINK 40,BLOCK G
920,G LINK 40,BLOCK G
921,G LINK 41 A,BLOCK G
922,G LINK 41 A,BLOCK G
923,G LINK 41 B,BLOCK G
924,G LINK 41 B,BLOCK G
925,G 39 POINT,BLOCK G
926,G 40 POINT,BLOCK G
